{"stats":{"minecraft:killed":{"minecraft:cow":2},"minecraft:mined":{"minecraft:grass":1,"minecraft:red_bed":1},"minecraft:custom":{"minecraft:time_since_rest":110,"minecraft:play_time":4420,"lootr:looted_stat":4,"minecraft:sprint_one_cm":23036,"minecraft:walk_one_cm":17719,"minecraft:damage_taken":310,"minecraft:deaths":1,"minecraft:mob_kills":2,"minecraft:jump":54,"minecraft:damage_dealt":101,"minecraft:time_since_death":85,"minecraft:walk_on_water_one_cm":145,"minecraft:sleep_in_bed":2,"minecraft:total_world_time":4420,"minecraft:fall_one_cm":348,"minecraft:fly_one_cm":13879},"minecraft:picked_up":{"minecraft:leather":2,"apocalypsenow:human_flesh":1,"minecraft:beef":2,"minecraft:red_bed":1,"minecraft:egg":3},"minecraft:used":{"minecraft:red_bed":1,"minecraft:wooden_pickaxe":17}},"DataVersion":2975}