{"stats":{"minecraft:killed":{"minecraft:cow":2},"minecraft:mined":{"minecraft:grass":2,"minecraft:acacia_log":13,"minecraft:red_bed":2},"minecraft:dropped":{"minecraft:bread":19},"minecraft:custom":{"minecraft:time_since_rest":212,"minecraft:interact_with_furnace":2,"minecraft:play_time":19241,"lootr:looted_stat":5,"minecraft:sprint_one_cm":87197,"minecraft:damage_taken":906,"minecraft:walk_one_cm":59062,"minecraft:deaths":4,"minecraft:bell_ring":1,"minecraft:walk_under_water_one_cm":291,"minecraft:mob_kills":2,"minecraft:drop":1,"minecraft:jump":206,"minecraft:damage_dealt":121,"minecraft:leave_game":1,"minecraft:time_since_death":177,"minecraft:walk_on_water_one_cm":804,"minecraft:sleep_in_bed":3,"minecraft:total_world_time":19241,"minecraft:climb_one_cm":158,"minecraft:swim_one_cm":689,"minecraft:interact_with_crafting_table":2,"minecraft:interact_with_cartography_table":1,"minecraft:fall_one_cm":2022,"minecraft:fly_one_cm":41553},"minecraft:crafted":{"minecraft:acacia_planks":20,"minecraft:stick":8},"minecraft:picked_up":{"minecraft:chicken":1,"immersiveengineering:seed":1,"minecraft:leather":2,"apocalypsenow:human_flesh":2,"minecraft:acacia_log":13,"minecraft:beef":2,"minecraft:bread":55,"minecraft:red_bed":2,"minecraft:egg":3},"minecraft:broken":{"minecraft:wooden_pickaxe":1},"minecraft:killed_by":{"zombie_extreme:infected_police":1,"zombie_extreme:runner":1},"minecraft:used":{"minecraft:potion":6,"minecraft:red_bed":1,"minecraft:wooden_pickaxe":34}},"DataVersion":2975}