{"stats":{"minecraft:picked_up":{"minecraft:porkchop":3,"firstaid:plaster":1,"minecraft:acacia_log":3},"minecraft:used":{"apocalypsenow:baseball_bat":4},"minecraft:dropped":{"firstaid:plaster":1},"minecraft:mined":{"minecraft:acacia_log":3},"minecraft:custom":{"minecraft:jump":7,"minecraft:time_since_rest":10301,"minecraft:damage_dealt":100,"minecraft:leave_game":1,"minecraft:damage_taken":35,"minecraft:sprint_one_cm":5530,"minecraft:play_time":10301,"minecraft:time_since_death":10301,"minecraft:walk_one_cm":13090,"minecraft:total_world_time":10301,"minecraft:mob_kills":2,"minecraft:drop":1,"minecraft:fly_one_cm":5794},"minecraft:crafted":{"minecraft:crafting_table":1,"minecraft:air":8,"minecraft:acacia_planks":4},"minecraft:killed":{"minecraft:pig":2}},"DataVersion":2975}