{"stats":{"minecraft:killed":{"minecraft:pig":2},"minecraft:mined":{"minecraft:acacia_log":3},"minecraft:dropped":{"firstaid:plaster":1},"minecraft:custom":{"minecraft:time_since_rest":13585,"minecraft:sprint_one_cm":12945,"minecraft:play_time":13585,"minecraft:damage_taken":35,"minecraft:walk_one_cm":23931,"minecraft:mob_kills":2,"minecraft:drop":1,"minecraft:jump":28,"minecraft:interact_with_grindstone":2,"minecraft:damage_dealt":100,"minecraft:leave_game":1,"minecraft:time_since_death":13585,"minecraft:climb_one_cm":96,"minecraft:total_world_time":13585,"minecraft:fall_one_cm":627,"minecraft:fly_one_cm":12099},"minecraft:crafted":{"minecraft:acacia_planks":4,"minecraft:crafting_table":1,"minecraft:air":8},"minecraft:picked_up":{"firstaid:plaster":1,"minecraft:acacia_log":3,"minecraft:porkchop":3},"minecraft:used":{"minecraft:potion":2,"apocalypsenow:baseball_bat":4}},"DataVersion":2975}