{"stats":{"minecraft:killed":{"minecraft:pig":2,"zombie_extreme:runner":1},"minecraft:mined":{"minecraft:hay_block":20,"minecraft:furnace":1,"minecraft:crafting_table":1,"minecraft:grass":1,"minecraft:acacia_log":3,"minecraft:stone":8},"minecraft:dropped":{"minecraft:bread":55,"firstaid:plaster":1},"minecraft:custom":{"minecraft:time_since_rest":4348,"minecraft:interact_with_furnace":2,"minecraft:sprint_one_cm":60638,"minecraft:damage_taken":1030,"minecraft:walk_one_cm":100282,"minecraft:mob_kills":3,"minecraft:drop":53,"minecraft:damage_dealt":766,"minecraft:interact_with_crafting_table":2,"minecraft:fly_one_cm":30325,"minecraft:play_time":29413,"minecraft:deaths":3,"minecraft:interact_with_grindstone":2,"minecraft:jump":174,"minecraft:leave_game":2,"minecraft:time_since_death":4320,"minecraft:walk_on_water_one_cm":4624,"minecraft:total_world_time":29413,"minecraft:climb_one_cm":1043,"minecraft:fall_one_cm":2707},"minecraft:crafted":{"minecraft:potion":1,"minecraft:crafting_table":2,"minecraft:stick":4,"minecraft:furnace":1,"minecraft:acacia_planks":4,"minecraft:air":248},"minecraft:picked_up":{"firstaid:plaster":1,"minecraft:crafting_table":1,"minecraft:chicken":1,"minecraft:leather":2,"minecraft:acacia_log":3,"minecraft:porkchop":3,"minecraft:string":6,"minecraft:bone":2,"minecraft:acacia_planks":1,"minecraft:hay_block":20,"minecraft:beef":3,"minecraft:bread":19,"tac:9mm_round":1,"minecraft:furnace":1,"minecraft:cobblestone":8,"minecraft:egg":1},"minecraft:broken":{"apocalypsenow:baseball_bat":1},"minecraft:killed_by":{"undead_revamp2:thesmoker":3},"minecraft:used":{"minecraft:glass_bottle":2,"apocalypsenow:baseball_bat":33,"minecraft:wooden_pickaxe":9,"minecraft:potion":4,"minecraft:crafting_table":2,"minecraft:furnace":1,"minecraft:egg":1}},"DataVersion":2975}